{
    "loss": 0.2516501188278198,
    "accuracy": 0.9201438784599304
}