{
    "loss": 1.8516501188278198,
    "accuracy": 0.8201438784599304
}